Bat Speed (mph),Attack Angle (deg),Time to Contact (sec),Peak Hand Speed (mph),Blast Factor,On Plane (%),Power (kW),Peak Bat Speed (mph),Body Rotation (%),Vertical Bat Angle (deg),Fallwoba
70.2,1,0.15,21.3,83,0.31,4.39,70.2,0.46,-27,0.278
70.3,1,0.15,21.6,81,0.29,4.23,70.3,0.45,-34,0.278
66.2,1,0.15,20,80,0.30,3.8,66.2,0.47,-30,0.278
64.9,6,0.16,18.9,82,0.31,3.55,64.9,0.48,-19,0.278
68.4,2,0.15,20,84,0.33,4.22,68.4,0.46,-31,0.278
67.2,7,0.16,19.5,85,0.31,3.81,67.2,0.48,-26,0.278
70.4,5,0.16,20.7,88,0.33,4.19,70.4,0.46,-30,0.278
68,1,0.14,19.9,86,0.42,4.23,68,0.48,-28,0.278
64.8,8,0.17,18,79,0.31,3.33,64.8,0.46,-21,0.278
68.8,3,0.16,18.6,91,0.55,3.8,68.8,0.45,-26,0.278
64.1,3,0.16,19.4,69,0.12,3.3,64.1,0.44,-4,0.278
68.4,2,0.17,20.6,66,0.13,3.58,68.4,0.39,-16,0.278
65,9,0.17,18.9,67,0.08,3.19,65,0.41,-8,0.278
64,3,0.16,18.9,69,0.11,3.41,64,0.42,-4,0.278
68.3,6,0.16,20.1,83,0.11,3.89,68.3,0.46,-7,0.278
72.1,2,0.15,22.8,68,0.10,4.45,72.1,0.32,-13,0.278
69.3,6,0.16,20.2,73,0.12,4.01,69.3,0.37,-9,0.278
66.1,1,0.16,18.8,73,0.17,3.69,66.1,0.44,-14,0.278
71.5,5,0.15,21,77,0.18,4.44,71.5,0.42,-15,0.278
64,8,0.16,18.7,77,0.10,3.41,64.1,0.45,-15,0.278
68.2,13,0.17,21.1,79,0.33,3.69,68.2,0.53,-12,0.278
63.9,7,0.15,20.6,78,0.40,3.63,63.9,0.54,-22,0.278
68,9,0.16,21.4,78,0.35,3.9,68,0.56,-24,0.278
64.3,10,0.16,19.7,76,0.30,3.49,64.3,0.52,-22,0.278
67.8,13,0.15,22.3,80,0.34,3.94,67.8,0.54,-17,0.278
72.3,10,0.16,21.4,90,0.40,4.2,72.3,0.49,-27,0.278
37.7,12,0.16,21.8,43,0.47,1.17,70.5,0.52,-19,0.278
67.7,11,0.16,20.6,85,0.38,3.73,67.7,0.51,-21,0.278
63.8,9,0.16,20,81,0.32,3.43,63.8,0.49,-31,0.278
73.1,3,0.15,24,88,0.51,4.57,73.1,0.51,-34,0.278
67,8,0.15,23.4,85,0.49,3.93,67,0.41,-45,0.278
67,8,0.16,20.8,89,0.47,3.73,67,0.46,-32,0.278
67.8,7,0.15,20.6,92,0.50,3.87,67.8,0.47,-31,0.278
68.7,4,0.15,21.6,90,0.54,4.02,68.7,0.43,-35,0.278
70.4,0,0.15,20.7,94,0.61,4.4,70.4,0.46,-32,0.278
68.4,5,0.15,20.6,99,0.60,4.04,68.4,0.48,-27,0.278
68.3,10,0.15,20.2,96,0.56,3.98,68.3,0.46,-34,0.278
64.7,6,0.15,20.7,88,0.55,3.57,64.7,0.44,-40,0.278
69.6,9,0.16,20.2,95,0.52,4.03,69.6,0.47,-37,0.278
64,8,0.15,19.9,88,0.51,3.49,64,0.46,-31,0.278
68.7,10,0.15,20.5,100,0.61,4.08,68.7,0.48,-30,0.278
65,10,0.15,18.9,87,0.45,3.56,65,0.47,-29,0.278
69.6,8,0.15,20.8,94,0.51,4.18,69.6,0.49,-34,0.278
69.1,10,0.16,19.7,92,0.48,3.97,69.1,0.46,-30,0.278
67.8,9,0.15,19.8,89,0.48,3.97,67.8,0.51,-34,0.278
71.9,5,0.15,21.3,94,0.52,4.36,71.9,0.45,-37,0.278
67.8,5,0.15,21.4,81,0.43,3.86,67.8,0.40,-36,0.278
62.3,0,0.15,20.4,76,0.58,3.3,62.3,0.41,-34,0.278
66,3,0.14,20.4,95,0.74,3.92,66,0.49,-35,0.278
63.5,9,0.16,19.7,76,0.38,3.26,63.5,0.43,-36,0.278
65.4,14,0.17,19.6,73,0.19,3.27,65.4,0.44,-31,0.314
63.9,8,0.17,19.9,78,0.29,3.24,63.9,0.50,-35,0.314
58.3,-9,0.14,21,68,0.27,3.11,58.4,0.48,-41,0.314
62.9,7,0.16,20,80,0.34,3.3,62.9,0.48,-36,0.314
64.9,8,0.16,20.9,82,0.37,3.47,64.9,0.50,-37,0.314
66.1,9,0.16,19.4,85,0.42,3.51,66.1,0.48,-34,0.314
66.1,4,0.16,20.9,82,0.47,3.6,66.1,0.43,-45,0.314
65.4,13,0.17,20.7,76,0.32,3.27,65.4,0.43,-37,0.314
70.2,10,0.16,20.5,90,0.40,3.96,70.2,0.46,-37,0.314
65.8,12,0.17,20.1,82,0.39,3.35,65.8,0.46,-33,0.314
71.2,12,0.16,21.2,74,0.16,4.23,71.2,0.38,-14,0.314
70.6,14,0.17,20.5,71,0.15,3.86,70.6,0.36,-12,0.314
70.3,8,0.16,21.1,74,0.22,4.07,70.3,0.37,-20,0.314
69.1,15,0.15,22,80,0.14,4.08,69.1,0.43,-26,0.314
71.5,15,0.17,20.7,80,0.19,4.06,71.5,0.44,-33,0.314
69.7,17,0.16,20.1,81,0.23,3.91,69.7,0.45,-34,0.314
68.2,15,0.15,21.6,83,0.13,3.98,68.2,0.45,-21,0.314
66,11,0.16,20,72,0.12,3.54,66,0.41,-22,0.314
65.3,13,0.16,20.1,78,0.10,3.6,65.3,0.45,-28,0.314
65.3,5,0.15,19.3,73,0.18,3.65,65.3,0.43,-27,0.314
71.3,10,0.16,22.1,74,0.26,4.13,71.3,0.35,-26,0.314
72.3,11,0.16,20.6,73,0.20,4.3,72.3,0.36,-19,0.314
73.3,13,0.17,21.5,75,0.25,4.16,73.3,0.36,-16,0.314
69,13,0.17,18.7,71,0.21,3.69,69,0.38,-15,0.314
71.5,7,0.15,21.4,89,0.37,4.37,71.5,0.47,-39,0.314
73.3,12,0.16,21.6,80,0.27,4.36,73.3,0.42,-27,0.314
73,11,0.16,20.4,82,0.25,4.33,73,0.44,-27,0.314
70.2,13,0.16,21.5,84,0.21,3.96,70.2,0.45,-26,0.314
67.4,14,0.15,21.4,78,0.19,3.89,67.4,0.43,-20,0.314
65.9,12,0.16,19.7,75,0.18,3.58,65.9,0.43,-22,0.314
68.3,9,0.16,21.2,90,0.47,3.79,68.3,0.48,-30,0.314
69.3,9,0.16,20.7,88,0.39,3.86,69.3,0.50,-28,0.314
65.5,6,0.16,20.1,74,0.32,3.53,65.5,0.54,-30,0.314
44,1,0.18,19.4,43,0.50,1.43,62,0.43,-27,0.314
69.4,12,0.17,20.7,89,0.43,3.82,69.4,0.48,-33,0.314
70.3,10,0.16,21.2,93,0.49,4.07,70.3,0.47,-37,0.314
66,9,0.17,19.6,85,0.46,3.45,66,0.49,-27,0.314
70.8,14,0.16,21,92,0.48,4.13,70.8,0.50,-40,0.314
69.5,10,0.16,21.1,92,0.49,4.03,69.5,0.51,-35,0.314
68.2,8,0.16,21,91,0.50,3.83,68.2,0.49,-36,0.314
65.9,16,0.17,20.1,78,0.30,3.41,65.9,0.48,-33,0.314
62.2,16,0.18,19.3,66,0.33,2.86,62.2,0.42,-29,0.314
66.4,14,0.17,19.7,82,0.42,3.33,66.4,0.47,-28,0.314
65,11,0.17,20.6,78,0.31,3.31,65,0.45,-40,0.314
66.2,14,0.17,19.1,81,0.35,3.36,66.2,0.48,-42,0.314
69.7,14,0.18,20,85,0.37,3.63,69.7,0.46,-32,0.314
69.2,7,0.16,20.7,89,0.41,3.89,69.2,0.49,-43,0.314
67.3,8,0.17,19.8,82,0.29,3.6,67.3,0.47,-31,0.314
69,18,0.18,19.4,78,0.31,3.57,69,0.47,-21,0.314
62.4,7,0.17,20.1,73,0.33,3.09,62.4,0.44,-33,0.314
66.3,8,0.16,22.3,79,0.47,3.61,66.3,0.41,-46,0.273
67.8,7,0.15,22.9,91,0.62,3.87,67.8,0.42,-46,0.273
65.8,8,0.15,22.7,88,0.63,3.79,65.8,0.40,-42,0.273
63.2,5,0.15,21.9,84,0.57,3.45,63.2,0.42,-46,0.273
66,9,0.15,22.8,83,0.52,3.81,66,0.40,-48,0.273
67.8,5,0.14,21.6,98,0.60,4.14,67.8,0.46,-44,0.273
64.9,7,0.15,22.6,94,0.62,3.64,64.9,0.45,-46,0.273
64.1,6,0.14,22.2,90,0.63,3.69,64.1,0.43,-39,0.273
66.6,7,0.15,21.8,99,0.62,3.94,66.6,0.46,-39,0.273
63.5,15,0.16,22,80,0.51,3.35,63.5,0.42,-34,0.273
71.3,5,0.15,24.2,94,0.60,4.46,71.3,0.43,-42,0.273
70.5,2,0.15,24.2,88,0.62,4.41,70.5,0.41,-48,0.273
66,7,0.15,23.7,87,0.58,3.77,66,0.40,-47,0.273
68.6,10,0.15,23.9,89,0.59,3.96,68.6,0.40,-39,0.273
69.6,7,0.15,23.4,91,0.53,4.18,69.6,0.43,-45,0.273
67.3,3,0.15,23.3,90,0.60,3.91,67.3,0.42,-46,0.273
71.5,10,0.15,22.5,89,0.50,4.3,71.5,0.43,-39,0.273
62.9,10,0.16,21,81,0.54,3.28,62.9,0.42,-37,0.273
66.4,13,0.15,22.9,83,0.53,3.75,66.4,0.40,-46,0.273
64.8,10,0.15,21.6,88,0.63,3.63,65.2,0.42,-41,0.273
71.7,4,0.14,23.5,91,0.58,4.63,71.7,0.42,-41,0.273
66.6,8,0.15,22.4,94,0.60,3.89,66.6,0.43,-41,0.273
56.4,9,0.15,22.5,79,0.76,2.75,57.8,0.44,-48,0.273
56.9,7,0.15,24,84,0.85,2.87,58.1,0.50,-55,0.273
70.1,4,0.15,22,85,0.65,4.19,70.1,0.35,-38,0.273
70.4,11,0.15,24.4,78,0.40,4.18,70.4,0.32,-31,0.273
71.4,12,0.15,22.9,80,0.33,4.35,71.4,0.40,-37,0.273
71.1,6,0.15,22.7,85,0.48,4.49,71.1,0.41,-31,0.273
67.1,8,0.15,22.7,81,0.40,3.99,67.1,0.39,-43,0.273
70.7,3,0.14,23.9,88,0.57,4.63,70.7,0.41,-46,0.273
72.8,6,0.14,23.7,85,0.53,4.84,72.8,0.37,-31,0.273
69.1,5,0.15,23.6,81,0.43,4.07,69.1,0.39,-46,0.273
67.5,3,0.15,22.9,88,0.72,3.98,67.5,0.40,-41,0.273
68.7,5,0.15,23.4,86,0.55,4.13,68.7,0.39,-37,0.273
69.4,4,0.14,22.7,91,0.56,4.39,69.4,0.43,-39,0.273
64.1,10,0.15,21.6,87,0.57,3.55,64.1,0.43,-35,0.273
62.1,7,0.15,21.9,81,0.48,3.38,62.1,0.44,-40,0.273
66.4,15,0.15,22.2,84,0.52,3.71,66.4,0.42,-39,0.273
65.1,10,0.15,22.5,90,0.65,3.71,65.1,0.42,-48,0.273
65.1,3,0.14,23.7,87,0.70,3.87,65.2,0.41,-53,0.273
65.4,5,0.15,21.1,92,0.66,3.69,65.4,0.44,-39,0.273
63.2,14,0.16,21.4,83,0.62,3.23,63.2,0.42,-43,0.273
61,7,0.16,22,82,0.61,3.09,61,0.42,-42,0.273
68.4,3,0.15,22.9,89,0.53,4.1,68.4,0.44,-36,0.273
69.8,6,0.15,23.6,91,0.64,4.16,69.8,0.40,-41,0.273
67.7,1,0.15,23.7,88,0.60,4.01,67.7,0.41,-46,0.273
72,4,0.15,23.9,90,0.59,4.61,72,0.41,-46,0.273
66.5,9,0.15,23.4,88,0.60,3.82,66.5,0.39,-41,0.273
63.9,-1,0.14,22.1,84,0.59,3.73,63.9,0.42,-41,0.273
65,7,0.15,22.3,81,0.49,3.7,65,0.40,-42,0.273
71.1,9,0.17,24.1,89,0.40,3.84,71.1,0.46,-41,0.303
71.1,9,0.16,24.4,91,0.42,4.03,71.1,0.45,-36,0.303
72.4,5,0.16,25.2,90,0.44,4.29,72.4,0.45,-40,0.303
66.6,0,0.16,24.3,81,0.54,3.62,66.6,0.43,-36,0.303
70,5,0.16,24.8,92,0.48,4,70,0.49,-38,0.303
69.9,5,0.16,25.1,92,0.52,3.94,69.9,0.47,-34,0.303
70.5,12,0.17,23.5,82,0.39,3.81,70.5,0.42,-27,0.303
67.5,4,0.16,23.3,87,0.54,3.73,67.5,0.43,-43,0.303
67,11,0.17,23.3,87,0.51,3.45,67,0.48,-41,0.303
66.7,8,0.16,23.7,92,0.58,3.5,66.7,0.48,-29,0.303
71.4,3,0.15,24.3,87,0.41,4.27,71.4,0.45,-30,0.303
68.8,9,0.16,23,82,0.30,3.77,68.8,0.44,-34,0.303
69.7,7,0.15,22.9,88,0.34,4.02,69.7,0.45,-33,0.303
66.3,4,0.16,23,79,0.36,3.59,66.3,0.44,-30,0.303
76.3,11,0.16,24.2,89,0.33,4.7,76.3,0.45,-28,0.303
75.2,9,0.15,23.7,80,0.40,4.74,75.2,0.38,-27,0.303
69.6,5,0.16,24,80,0.42,3.96,69.6,0.40,-26,0.303
74.4,8,0.16,23.6,78,0.31,4.35,74.4,0.39,-32,0.303
80.3,11,0.15,26.5,79,0.31,5.34,80.3,0.40,-32,0.303
72.9,9,0.17,23.4,77,0.33,4.03,72.9,0.37,-23,0.303
75.2,11,0.16,24.8,87,0.35,4.51,75.2,0.44,-30,0.303
73.2,10,0.16,24.2,83,0.35,4.32,73.2,0.42,-32,0.303
68.7,8,0.16,23.8,85,0.32,3.76,68.7,0.45,-37,0.303
67.8,8,0.16,24,83,0.33,3.57,67.8,0.46,-34,0.303
67.3,7,0.16,23.4,78,0.36,3.56,67.3,0.42,-34,0.303
64.2,5,0.16,22.6,76,0.24,3.33,64.2,0.45,-36,0.303
65.6,9,0.16,22.8,79,0.31,3.47,65.6,0.44,-27,0.303
66.5,12,0.17,21.9,68,0.18,3.39,66.5,0.40,-24,0.303
72.8,7,0.16,24.2,85,0.38,4.22,72.8,0.43,-32,0.303
67.4,9,0.17,22,72,0.28,3.48,67.4,0.40,-29,0.303
69.4,10,0.16,24.4,82,0.31,3.94,69.4,0.43,-36,0.303
70.2,3,0.15,25.2,86,0.32,4.13,70.2,0.48,-42,0.303
72.4,14,0.16,23.3,78,0.29,4.07,72.4,0.40,-28,0.303
71.4,7,0.15,24.2,81,0.28,4.28,71.4,0.42,-31,0.303
70.8,12,0.16,23.5,79,0.30,3.95,70.8,0.41,-27,0.303
70,5,0.15,23.8,85,0.39,4.17,70,0.43,-34,0.303
70.8,10,0.16,23.4,82,0.36,3.94,70.8,0.42,-28,0.303
80.3,12,0.15,27.3,82,0.33,5.41,80.3,0.41,-33,0.303
67.7,12,0.16,22.4,75,0.26,3.56,67.7,0.42,-29,0.303
75,10,0.16,24.2,91,0.41,4.54,75,0.47,-41,0.303
74.7,9,0.16,23.7,79,0.34,4.39,74.7,0.39,-32,0.303
72.1,14,0.16,22.7,75,0.20,4.19,72.1,0.39,-30,0.303
74.4,13,0.16,23.6,78,0.32,4.41,74.4,0.38,-28,0.303
75.1,9,0.16,23.6,79,0.33,4.5,75.1,0.39,-38,0.303
73.1,10,0.16,24.8,84,0.31,4.31,73.1,0.43,-39,0.303
66.7,11,0.16,24.2,80,0.23,3.59,66.7,0.48,-39,0.303
79.5,10,0.16,24.7,90,0.38,5.04,79.5,0.45,-39,0.303
66.2,11,0.16,22.7,71,0.15,3.41,66.2,0.42,-31,0.303
67.4,8,0.16,23.3,78,0.24,3.67,67.4,0.43,-34,0.303
69.3,5,0.16,22.6,79,0.35,3.78,69.3,0.41,-32,0.303
75,10,0.14,25.1,94,0.51,5.21,75,0.45,-44,0.34
70.1,14,0.14,21,92,0.46,4.42,70.1,0.46,-36,0.34
72.4,11,0.14,25.9,89,0.52,4.72,72.4,0.53,-42,0.34
76.2,12,0.14,24.9,96,0.55,5.29,76.2,0.45,-36,0.34
81,19,0.15,28.6,88,0.57,5.74,81,0.43,-32,0.34
74.7,9,0.14,24.6,97,0.56,5.17,74.7,0.46,-44,0.34
73.4,13,0.14,24,97,0.56,4.99,73.4,0.50,-48,0.34
71,16,0.15,23.3,97,0.65,4.41,71,0.49,-41,0.34
71,12,0.14,21.8,98,0.57,4.54,71,0.47,-43,0.34
66.9,13,0.15,20.3,96,0.57,3.87,66.9,0.47,-45,0.34
70.3,15,0.15,21.7,98,0.60,4.21,70.3,0.45,-39,0.34
66.9,3,0.15,21.2,91,0.68,3.81,66.9,0.44,-48,0.34
72.8,20,0.16,22.1,87,0.65,4.29,72.8,0.42,-34,0.34
72,7,0.14,21.8,85,0.46,4.79,72,0.41,-39,0.34
74.4,10,0.14,23.8,84,0.50,4.98,74.4,0.39,-40,0.34
71.8,8,0.15,21.5,83,0.45,4.58,71.8,0.40,-45,0.34
76.6,14,0.14,24.8,85,0.43,5.36,76.6,0.41,-30,0.34
74.8,20,0.15,23.2,76,0.42,4.9,74.8,0.40,-26,0.34
75.9,18,0.15,23.7,79,0.44,5.04,75.9,0.40,-30,0.34
73,10,0.14,22.3,86,0.43,4.86,73,0.42,-34,0.34
75.1,20,0.14,24.4,82,0.48,5.07,75.1,0.42,-31,0.34
70.9,19,0.15,21.9,84,0.43,4.46,70.9,0.44,-32,0.34
75.3,20,0.15,24.3,85,0.57,4.83,75.3,0.41,-28,0.34
69.3,11,0.14,21.7,95,0.52,4.38,69.3,0.45,-40,0.34
75.9,11,0.14,23.6,86,0.48,5.18,75.9,0.41,-36,0.34
77.1,12,0.14,25.4,88,0.51,5.43,77.1,0.42,-35,0.34
74,10,0.15,22.7,91,0.51,4.86,74,0.44,-40,0.34
76.9,18,0.15,25.9,90,0.51,5.25,76.9,0.47,-30,0.34
75.3,18,0.14,27,93,0.55,5.25,75.3,0.48,-35,0.34
68.1,13,0.15,21.6,100,0.69,4.06,68.1,0.48,-47,0.34
66.1,15,0.16,19.6,86,0.56,3.59,66.1,0.43,-32,0.34
73.9,13,0.14,26.3,100,0.65,5.13,73.9,0.49,-40,0.34
68.2,22,0.16,19.7,79,0.55,3.72,68.2,0.41,-33,0.34
70.2,9,0.14,23.8,92,0.47,4.7,70.2,0.46,-37,0.34
74.4,5,0.14,23,87,0.51,4.98,74.4,0.41,-41,0.34
75.5,9,0.14,25.4,86,0.55,5.44,75.5,0.39,-36,0.34
71.4,13,0.14,23.4,93,0.49,4.59,71.4,0.46,-39,0.34
67.2,4,0.17,19,71,0.19,3.4,67.2,0.43,-16,0.34
66.9,-1,0.17,18.7,69,0.27,3.45,66.9,0.43,-22,0.34
67.9,4,0.18,19.9,67,0.22,3.28,67.9,0.41,-24,0.34
74.5,9,0.15,24.2,95,0.53,4.92,74.5,0.45,-39,0.34
73.4,13,0.14,23.6,89,0.55,4.84,73.4,0.41,-34,0.34
78.8,19,0.15,24,85,0.53,5.29,78.8,0.42,-24,0.34
71.9,15,0.15,24.1,92,0.49,4.58,71.9,0.50,-38,0.34
73.2,13,0.15,25.6,97,0.55,4.63,73.2,0.50,-35,0.34
76.3,15,0.15,25.8,98,0.72,5.17,76.3,0.46,-36,0.34
73.9,15,0.15,24.5,98,0.73,4.85,73.9,0.48,-38,0.34
75.8,15,0.15,25.1,99,0.73,5.09,75.8,0.47,-46,0.34
72.5,16,0.15,24,98,0.75,4.42,72.5,0.47,-45,0.34
70.6,10,0.15,25.1,100,0.73,4.42,70.6,0.49,-50,0.34
72.6,13,0.16,21.2,84,0.39,4.22,72.6,0.42,-37,0.414
72.2,16,0.16,20.2,85,0.37,4.12,72.2,0.44,-29,0.414
76,15,0.16,22.2,87,0.45,4.62,76,0.43,-19,0.414
72.5,10,0.15,21.3,88,0.36,4.48,72.5,0.44,-37,0.414
72.1,10,0.15,21.6,85,0.45,4.43,72.1,0.42,-30,0.414
71.5,15,0.16,21,82,0.35,4.14,71.5,0.42,-37,0.414
73,14,0.16,21.2,86,0.38,4.31,73,0.44,-41,0.414
77.2,16,0.16,22.7,84,0.46,4.83,77.2,0.42,-36,0.414
71.1,20,0.15,19.8,84,0.44,4.25,71.1,0.44,-25,0.414
70.4,14,0.15,20.9,95,0.52,4.28,70.4,0.45,-40,0.414
73.3,9,0.16,22.4,90,0.39,4.35,73.3,0.47,-26,0.414
62.7,-13,0.13,21.8,82,0.47,3.86,62.7,0.48,-29,0.414
70.5,11,0.15,21.2,89,0.36,4.3,70.5,0.47,-26,0.414
70.4,14,0.16,20.2,88,0.33,3.97,70.4,0.46,-38,0.414
73.9,16,0.14,20.8,81,0.32,4.91,74.1,0.43,-37,0.414
70.9,10,0.15,21.1,86,0.38,4.46,70.9,0.44,-36,0.414
78.5,9,0.14,24.7,83,0.49,5.62,78.5,0.38,-30,0.414
74,9,0.15,22.2,85,0.49,4.74,74,0.40,-33,0.414
82.2,17,0.15,25.6,73,0.30,5.68,82.2,0.36,-33,0.414
72.9,10,0.15,21.7,98,0.61,4.53,72.9,0.45,-28,0.414
73.7,7,0.16,22.5,86,0.49,4.39,73.7,0.41,-32,0.414
69.3,7,0.15,21.5,93,0.50,4.15,69.3,0.50,-21,0.414
72.2,12,0.16,22.1,92,0.44,4.28,72.2,0.48,-34,0.414
72,13,0.16,19.7,87,0.43,4.26,72,0.43,-33,0.414
73.3,6,0.15,24.2,93,0.49,4.53,73.3,0.49,-30,0.414
60.3,-3,0.13,22.6,79,0.46,3.51,60.3,0.45,-26,0.414
70.6,7,0.15,21.2,83,0.44,4.3,71,0.40,-45,0.414
74.7,15,0.16,21.8,83,0.43,4.58,74.7,0.41,-45,0.414
75.3,12,0.16,23.8,96,0.55,4.65,75.3,0.46,-45,0.414
73.8,10,0.16,22.3,93,0.58,4.52,73.8,0.42,-40,0.414
71.2,7,0.15,21.4,91,0.44,4.38,71.2,0.50,-42,0.414
71.7,13,0.16,21.8,92,0.45,4.16,71.7,0.46,-30,0.414
75.3,10,0.16,23.4,94,0.51,4.66,75.3,0.49,-33,0.414
70.5,7,0.15,22.1,93,0.48,4.3,70.5,0.48,-40,0.414
73,8,0.15,22.3,92,0.46,4.55,73,0.49,-35,0.414
70.7,12,0.15,21.2,88,0.32,4.2,70.7,0.48,-33,0.414
70.8,11,0.14,20.6,83,0.51,4.57,71.2,0.38,-29,0.414
70.9,8,0.13,22.9,95,0.58,4.86,70.9,0.44,-40,0.414
71.9,9,0.15,22.2,86,0.53,4.35,71.9,0.39,-46,0.414
70.7,8,0.14,23.4,96,0.62,4.63,70.7,0.43,-35,0.414
79,9,0.16,25.3,86,0.51,5.18,79,0.41,-23,0.414
68.7,6,0.15,20.3,87,0.43,4.03,68.7,0.43,-41,0.414
72.3,15,0.16,20.5,87,0.38,4.29,72.3,0.44,-35,0.414
73.1,14,0.15,22.7,86,0.46,4.49,73.1,0.42,-23,0.414
73.2,9,0.15,24.2,93,0.47,4.56,73.2,0.47,-32,0.414
69.4,11,0.15,20.3,93,0.48,4.05,69.4,0.46,-30,0.414
74,9,0.15,23.4,93,0.49,4.61,74,0.46,-31,0.414
71.3,10,0.15,22,91,0.43,4.28,71.3,0.48,-30,0.414
74.3,11,0.16,24.6,89,0.35,4.58,74.3,0.45,-24,0.414
68.4,15,0.17,19.5,79,0.32,3.65,68.4,0.43,-32,0.414
66.7,-1,0.16,19,77,0.34,3.56,66.7,0.45,-28,0.33
64.9,-2,0.16,18.2,72,0.28,3.37,64.9,0.45,-20,0.33
68,7,0.18,18,67,0.20,3.25,68,0.41,-8,0.33
67.8,1,0.17,19.7,67,0.23,3.47,67.8,0.41,-32,0.33
66.8,0,0.17,18.9,66,0.29,3.49,67,0.41,-23,0.33
66.2,3,0.18,18.3,64,0.25,3.15,66.2,0.40,-14,0.33
69.2,6,0.18,20.5,70,0.27,3.41,69.2,0.40,-25,0.33
66.4,0,0.17,18.9,69,0.32,3.33,66.4,0.43,-29,0.33
66.5,0,0.17,19.6,64,0.29,3.33,66.5,0.40,-25,0.33
66.5,3,0.17,19.3,71,0.30,3.41,66.5,0.42,-24,0.33
67.4,2,0.18,20.6,64,0.23,3.23,67.4,0.40,-23,0.33
67.2,1,0.18,20.2,74,0.32,3.25,67.2,0.45,-22,0.33
67.8,4,0.19,20.2,62,0.19,3.2,67.8,0.37,-14,0.33
68.4,1,0.19,23,63,0.27,3.2,68.4,0.40,-30,0.33
69.1,2,0.18,20.6,66,0.25,3.47,69.1,0.40,-28,0.33
68.2,-2,0.19,21.9,60,0.26,3.24,68.2,0.38,-31,0.33
68.9,2,0.17,19.3,68,0.25,3.53,68.9,0.40,-19,0.33
69.4,5,0.18,20.5,68,0.20,3.5,69.4,0.40,-31,0.33
66.1,4,0.17,19.3,67,0.22,3.37,66.1,0.41,-20,0.33
67.9,5,0.18,21,69,0.22,3.29,67.9,0.42,-22,0.33
67,2,0.18,19.8,63,0.20,3.31,67,0.40,-24,0.33
66.7,2,0.18,18.9,75,0.32,3.27,66.7,0.48,-29,0.33
67.5,1,0.19,20.9,61,0.25,3.11,67.5,0.40,-16,0.33
68.9,1,0.18,21.1,75,0.33,3.49,68.9,0.44,-26,0.33
65.7,7,0.19,20.4,67,0.23,2.97,65.7,0.42,-35,0.33
65,1,0.17,19,71,0.35,3.26,65,0.44,-20,0.33
66.9,4,0.18,20,75,0.30,3.3,66.9,0.45,-20,0.33
70.6,17,0.15,20.4,80,0.33,4.25,70.6,0.42,-35,0.33
77.1,13,0.15,23.5,84,0.49,5.01,77.1,0.40,-30,0.33
71.3,7,0.16,21.7,89,0.41,4.11,71.3,0.44,-46,0.33
66,2,0.17,18.8,75,0.25,3.4,66,0.45,-23,0.33
66.6,4,0.18,18.5,68,0.20,3.27,66.6,0.43,-21,0.33
68.7,1,0.19,21.9,63,0.31,3.16,68.7,0.39,-28,0.33
67,3,0.18,19.4,62,0.22,3.16,67,0.38,-14,0.33
65.8,4,0.16,18.5,77,0.24,3.47,65.8,0.46,-27,0.33
67.9,4,0.18,20.1,72,0.25,3.39,67.9,0.42,-20,0.33
66.4,1,0.17,19,69,0.27,3.28,66.4,0.43,-25,0.33
66.4,0,0.17,18.8,74,0.30,3.37,66.4,0.46,-26,0.33
64.4,6,0.18,18.2,73,0.22,3.02,64.4,0.45,-13,0.33
65.9,3,0.18,19.3,68,0.28,3.13,65.9,0.43,-21,0.33
69.4,8,0.18,20.9,69,0.17,3.46,69.4,0.40,-24,0.33
67.5,2,0.18,19.9,74,0.31,3.35,67.5,0.44,-23,0.33
68.3,5,0.18,19.9,75,0.33,3.36,68.3,0.43,-30,0.33
67.8,1,0.18,19.2,71,0.30,3.38,67.8,0.43,-29,0.33
65.9,3,0.17,18.6,71,0.25,3.27,65.9,0.44,-12,0.33
66.6,6,0.17,19,72,0.17,3.3,66.6,0.43,-24,0.33
67.5,5,0.17,19.3,76,0.30,3.4,67.5,0.44,-29,0.33
67.1,1,0.17,19.2,78,0.34,3.52,67.1,0.46,-29,0.33
66.3,6,0.19,19.1,68,0.26,3.06,66.3,0.42,-16,0.33
66.5,5,0.19,20.9,70,0.27,3.08,66.5,0.44,-23,0.33
69.6,9,0.16,20.6,83,0.45,4.02,69.6,0.40,-30,0.309
69.7,15,0.16,21.9,79,0.23,3.94,69.7,0.43,-21,0.309
70.2,7,0.15,23,88,0.33,4.32,70.2,0.45,-32,0.309
69.5,11,0.15,22.6,90,0.37,4.12,69.5,0.47,-22,0.309
66.9,8,0.16,21.7,81,0.37,3.71,66.9,0.42,-27,0.309
67.4,11,0.15,22.5,88,0.35,3.87,67.4,0.48,-28,0.309
67.5,6,0.15,21.2,89,0.35,3.94,67.5,0.46,-36,0.309
70,14,0.16,21.2,86,0.34,4.02,70,0.44,-24,0.309
64.5,10,0.16,20.2,72,0.32,3.37,64.5,0.41,-27,0.309
66.5,9,0.16,21.3,80,0.33,3.67,66.5,0.43,-36,0.309
68,12,0.16,20.8,82,0.47,3.75,68,0.41,-28,0.309
70,12,0.15,23.4,92,0.46,4.23,70,0.46,-32,0.309
71.8,13,0.16,24.2,89,0.45,4.17,71.8,0.44,-41,0.309
66.1,8,0.15,22.2,87,0.40,3.67,66.1,0.47,-35,0.309
71.2,6,0.15,23.4,92,0.47,4.45,71.2,0.46,-42,0.309
69.3,10,0.15,22.8,91,0.41,4.05,69.3,0.46,-27,0.309
69,11,0.15,22.2,91,0.41,4.07,69,0.45,-23,0.309
65.9,11,0.16,20.5,85,0.38,3.61,65.9,0.46,-28,0.309
64.7,10,0.16,19.9,85,0.43,3.48,64.7,0.45,-25,0.309
66,10,0.16,21.2,79,0.40,3.62,66,0.42,-37,0.309
69.9,11,0.16,22.2,87,0.38,4.01,69.9,0.44,-27,0.309
68.3,9,0.15,22.8,89,0.41,3.97,68.3,0.45,-27,0.309
67.5,5,0.15,22.2,87,0.38,3.88,67.5,0.46,-33,0.309
64.2,3,0.15,21.3,79,0.40,3.61,64.2,0.44,-36,0.309
67.3,10,0.15,22.1,88,0.40,3.81,67.3,0.47,-30,0.309
71,9,0.15,22.9,85,0.33,4.42,71,0.44,-35,0.309
69.3,5,0.15,22.9,87,0.44,4.14,69.3,0.43,-30,0.309
73.1,10,0.15,23.3,85,0.44,4.49,73.1,0.41,-31,0.309
63.4,7,0.15,21.5,85,0.46,3.39,63.4,0.46,-31,0.309
65.8,9,0.15,21.5,95,0.63,3.65,65.8,0.47,-33,0.309
71.7,7,0.14,23.9,93,0.49,4.7,71.7,0.47,-37,0.309
63.4,5,0.15,22.2,88,0.51,3.52,63.4,0.49,-30,0.309
70.6,8,0.14,24.2,92,0.46,4.55,70.6,0.48,-33,0.309
70.6,8,0.15,23.5,88,0.39,4.25,70.6,0.44,-44,0.309
70.9,15,0.15,22.9,90,0.42,4.28,70.9,0.47,-36,0.309
72.2,12,0.15,23.5,90,0.48,4.39,72.2,0.44,-35,0.309
69.1,12,0.15,22.5,91,0.40,4.02,69.1,0.46,-29,0.309
65,2,0.14,22.7,87,0.49,3.8,65,0.46,-33,0.309
71,6,0.15,24,91,0.44,4.47,71,0.45,-45,0.309
67,10,0.15,22.8,89,0.39,3.93,67,0.47,-32,0.309
68.9,6,0.15,22,88,0.45,4.16,68.9,0.44,-38,0.309
71,10,0.15,22.9,90,0.48,4.36,71,0.44,-31,0.309
70.3,17,0.15,22.7,88,0.42,4.22,70.3,0.46,-24,0.309
73.6,8,0.14,24.7,89,0.46,4.88,73.6,0.44,-39,0.309
73.9,10,0.15,25.7,94,0.51,4.78,73.9,0.45,-29,0.309
70.3,9,0.15,23.9,92,0.45,4.32,70.3,0.46,-27,0.309
67.8,6,0.15,23.3,93,0.48,4.08,67.8,0.46,-41,0.309
69.9,8,0.15,23.1,94,0.51,4.28,69.9,0.46,-34,0.309
69.6,8,0.15,22.6,89,0.48,4.18,69.6,0.44,-38,0.309
69.3,8,0.15,22.7,85,0.44,4.04,69.3,0.42,-36,0.309
71.4,5,0.13,22,97,0.58,5.01,71.4,0.50,-32,0.58
69.4,5,0.13,22.4,99,0.62,4.66,69.4,0.49,-31,0.58
71.5,7,0.13,22,100,0.65,5.02,71.5,0.48,-38,0.58
58.9,-2,0.13,20.7,74,0.59,3.4,58.9,0.58,-18,0.58
67.3,8,0.13,23.1,91,0.42,4.51,67.3,0.50,-36,0.58
68.7,2,0.13,24.1,82,0.53,4.85,68.7,0.56,-25,0.58
66.4,4,0.12,23,83,0.48,4.61,66.4,0.54,-28,0.58
65.4,6,0.13,23.4,88,0.46,4.33,65.4,0.52,-34,0.58
67.5,8,0.14,22.3,88,0.42,4.34,67.5,0.51,-28,0.58
67.8,11,0.13,22.7,93,0.47,4.45,67.8,0.49,-34,0.58
71.5,6,0.13,22.6,88,0.33,5.02,71.5,0.49,-28,0.58
67,11,0.14,20.8,88,0.30,4.21,67,0.50,-27,0.58
71.4,8,0.13,23.4,89,0.35,5.01,71.4,0.48,-31,0.58
72.2,2,0.13,23.7,86,0.48,5.37,72.2,0.51,-33,0.58
70.9,2,0.13,23.1,87,0.50,5.1,70.9,0.51,-32,0.58
69.1,3,0.13,22.4,86,0.52,4.83,69.1,0.53,-27,0.58
66.3,3,0.13,22.3,85,0.51,4.38,66.3,0.53,-30,0.58
73.2,7,0.13,24,94,0.51,5.35,73.2,0.48,-36,0.58
76.8,12,0.13,23.9,93,0.49,5.7,76.8,0.46,-29,0.58
74.5,9,0.13,23.8,95,0.52,5.53,74.5,0.47,-34,0.58
66.9,8,0.13,20.4,100,0.63,4.4,66.9,0.49,-30,0.58
69.2,11,0.13,20.4,97,0.56,4.7,69.2,0.46,-35,0.58
68.4,12,0.13,22.6,98,0.57,4.81,68.4,0.49,-36,0.58
66.3,5,0.13,21.9,89,0.50,4.31,66.3,0.51,-22,0.58
71.3,3,0.13,23,88,0.44,5.14,71.3,0.50,-35,0.58
73.7,6,0.13,24,92,0.45,5.58,73.7,0.49,-26,0.58
65.9,10,0.14,20.9,92,0.46,4.14,65.9,0.49,-17,0.58
73.8,4,0.13,22.8,90,0.45,5.43,73.8,0.47,-27,0.58
75.6,4,0.13,23.6,90,0.48,5.87,75.6,0.46,-33,0.58
70.6,7,0.14,22,91,0.43,4.61,70.6,0.46,-28,0.58
70.3,4,0.12,23.4,91,0.51,5.43,71.2,0.48,-41,0.58
68.5,5,0.13,21.2,96,0.56,4.53,68.5,0.50,-34,0.58
71.2,9,0.14,21.3,95,0.53,4.83,71.2,0.48,-34,0.58
72,6,0.13,22.4,97,0.58,5.24,72,0.44,-42,0.58
71.4,6,0.13,22.3,98,0.57,5.16,71.4,0.47,-41,0.58
69.1,3,0.13,21.5,96,0.58,4.84,69.1,0.49,-36,0.58
73.1,7,0.13,22.5,94,0.51,5.17,73.1,0.45,-44,0.58
69.5,4,0.13,21.6,94,0.54,4.74,69.5,0.49,-32,0.58
69.7,5,0.13,21.3,94,0.51,4.7,69.7,0.48,-37,0.58
68.2,2,0.12,21.5,92,0.53,5.02,68.2,0.47,-40,0.58
68.7,6,0.13,22.5,99,0.61,4.7,68.7,0.50,-30,0.58
67.6,9,0.13,21.3,88,0.50,4.49,67.6,0.53,-27,0.58
65.2,9,0.14,19.2,91,0.49,3.99,65.2,0.51,-27,0.58
69.6,5,0.13,22.8,91,0.46,4.98,69.6,0.47,-42,0.58
71.3,8,0.12,22.9,92,0.46,5.4,71.3,0.50,-43,0.58
68.4,7,0.12,23.5,91,0.41,4.97,68.4,0.49,-42,0.58
70.3,4,0.12,22.1,91,0.49,5.17,70.3,0.50,-38,0.58
69.7,5,0.13,20.5,93,0.51,4.85,69.7,0.47,-38,0.58
68.5,6,0.13,21.3,100,0.61,4.68,68.5,0.50,-29,0.58
72.7,7,0.13,22.8,94,0.58,5.18,72.7,0.43,-46,0.58
84,2,0.15,29.2,81,0.55,6.19,84,0.36,-38,0.431
88.5,11,0.16,32.9,84,0.53,6.45,88.5,0.36,-30,0.431
81.1,6,0.15,27.6,86,0.54,5.63,81.1,0.39,-34,0.431
80.5,13,0.16,27.4,82,0.47,5.41,80.5,0.38,-20,0.431
85.6,5,0.15,29.9,85,0.53,6.26,85.6,0.39,-35,0.431
80.1,11,0.16,28,86,0.55,5.29,80.5,0.38,-32,0.431
77.6,4,0.14,28.2,82,0.51,5.51,77.6,0.38,-26,0.431
87.5,9,0.16,32.5,81,0.50,6.38,87.5,0.34,-35,0.431
85.6,4,0.15,31.2,84,0.58,6.35,85.6,0.33,-36,0.431
82.5,7,0.16,28.5,87,0.54,5.67,82.5,0.40,-29,0.431
77.5,6,0.15,27.7,81,0.37,5.34,77.5,0.40,-36,0.431
80.5,9,0.16,26,89,0.52,5.34,80.5,0.42,-30,0.431
83.6,5,0.15,31,88,0.64,6.31,83.6,0.37,-37,0.431
78.4,2,0.14,27.7,83,0.47,5.7,78.4,0.42,-37,0.431
76.6,7,0.14,26,82,0.40,5.36,76.6,0.40,-33,0.431
80.1,7,0.14,29.4,88,0.56,5.86,80.1,0.40,-30,0.431
87.5,5,0.14,30.7,90,0.61,7,87.5,0.40,-40,0.431
77.9,10,0.15,26.9,87,0.55,5.26,77.9,0.40,-31,0.431
79.1,6,0.15,28.2,94,0.57,5.65,79.1,0.44,-38,0.431
76.8,3,0.14,28,82,0.54,5.64,76.8,0.37,-24,0.431
79.8,4,0.15,28.7,88,0.64,5.67,79.8,0.40,-29,0.431
71.2,10,0.16,24.6,88,0.44,4.23,71.2,0.44,-27,0.431
76.7,11,0.14,28.1,77,0.38,5.38,78,0.36,-21,0.431
79.3,3,0.14,29.3,86,0.64,5.76,79.3,0.38,-30,0.431
72.6,4,0.15,25.4,91,0.48,4.63,72.6,0.47,-43,0.431
77.7,4,0.14,27.1,87,0.55,5.6,77.7,0.41,-30,0.431
79.6,10,0.15,27.5,81,0.51,5.56,79.6,0.31,-25,0.431
74.5,3,0.15,27,91,0.55,5.01,75,0.44,-44,0.431
82.8,8,0.15,29.5,83,0.53,6.03,82.8,0.36,-35,0.431
81.4,9,0.16,28.2,87,0.56,5.6,81.4,0.38,-29,0.431
86.5,12,0.15,30.2,82,0.50,6.4,86.5,0.35,-33,0.431
80.7,9,0.15,27.3,84,0.51,5.56,80.7,0.38,-34,0.431
79.9,8,0.15,29.3,86,0.53,5.68,79.9,0.39,-35,0.431
78,11,0.15,27,87,0.56,5.27,78,0.39,-39,0.431
82.4,1,0.14,27.4,82,0.57,6.21,82.4,0.36,-36,0.431
72.8,2,0.15,25.8,70,0.26,4.78,72.8,0.33,-29,0.431
88.4,-2,0.14,32.7,78,0.76,7.25,89.5,0.23,-29,0.431
82.7,10,0.15,28.9,87,0.59,5.85,82.7,0.35,-33,0.431
76.8,11,0.15,26.2,88,0.40,5.18,76.8,0.44,-26,0.431
84.7,13,0.15,30.1,84,0.56,6.13,84.7,0.29,-25,0.431
78.5,9,0.15,27.3,83,0.41,5.34,78.5,0.41,-33,0.431
82.7,9,0.15,29.5,87,0.68,6.01,82.7,0.31,-32,0.431
78,9,0.15,27.3,92,0.63,5.28,78,0.41,-35,0.431
81.4,8,0.14,29.3,85,0.59,6.07,83.3,0.33,-28,0.431
75.6,9,0.16,27.3,95,0.53,4.83,75.6,0.46,-30,0.431
85.9,11,0.16,30.5,84,0.55,6.07,85.9,0.34,-22,0.431
79.5,10,0.16,27.6,86,0.54,5.27,79.5,0.39,-27,0.431
78.6,5,0.16,27.3,83,0.49,5.21,78.6,0.39,-29,0.431
80.8,5,0.15,28.8,85,0.57,5.73,80.8,0.36,-29,0.431
81.8,7,0.15,28.2,82,0.51,5.96,81.8,0.35,-26,0.431
67.7,-6,0.15,24.8,87,0.51,3.95,67.7,0.48,-26,0.17
59.5,-12,0.15,22.4,75,0.53,3.09,59.5,0.47,-27,0.17
61.3,-15,0.14,23.9,75,0.61,3.38,61.3,0.54,-21,0.17
67.7,-9,0.15,23.9,85,0.50,3.95,67.7,0.48,-28,0.17
64.5,-11,0.14,23.2,85,0.54,3.79,64.5,0.49,-27,0.17
67.5,-8,0.15,24.3,87,0.54,3.92,67.5,0.49,-23,0.17
74.6,4,0.16,25.6,91,0.48,4.43,74.6,0.45,-17,0.17
65.4,-15,0.15,23.4,78,0.52,3.59,65.4,0.43,-29,0.17
65.1,-14,0.14,24.7,82,0.51,3.75,65.1,0.50,-24,0.17
61.7,-7,0.16,23.1,78,0.59,2.96,61.7,0.50,-16,0.17
63.9,-6,0.15,24.1,85,0.57,3.51,63.9,0.50,-17,0.17
65.6,2,0.14,22,87,0.50,3.81,65.6,0.50,-50,0.17
68.8,4,0.15,22.9,91,0.50,3.97,68.8,0.48,-41,0.17
66.5,3,0.15,22.7,78,0.42,3.86,66.5,0.54,-41,0.17
67.9,7,0.15,23.6,87,0.49,3.98,67.9,0.52,-36,0.17
68.1,-3,0.14,23.1,80,0.51,4.35,68.1,0.54,-45,0.17
65.3,8,0.16,22.5,85,0.43,3.48,65.3,0.49,-39,0.17
67,10,0.16,21.6,84,0.41,3.67,67,0.51,-40,0.17
69.7,19,0.16,22,83,0.39,3.77,69.7,0.48,-25,0.17
73.8,14,0.15,24.7,91,0.41,4.57,73.8,0.50,-39,0.17
71.6,10,0.15,22.6,90,0.45,4.24,71.6,0.51,-37,0.17
71.1,10,0.15,23.9,91,0.51,4.24,71.1,0.51,-36,0.17
70.1,15,0.16,22.2,90,0.45,3.86,70.1,0.47,-34,0.17
68.8,1,0.15,23.1,85,0.53,4.13,68.8,0.53,-35,0.17
68.7,13,0.15,21.7,90,0.39,3.95,68.7,0.49,-38,0.17
68.1,-1,0.14,23.2,83,0.46,4.17,68.1,0.51,-48,0.17
65.9,-1,0.14,22.7,81,0.44,3.85,65.9,0.51,-46,0.17
64.4,14,0.16,20.9,79,0.35,3.22,64.4,0.50,-36,0.17
65.5,9,0.15,20.7,83,0.40,3.55,65.5,0.51,-41,0.17
62.3,11,0.17,20.2,72,0.28,2.91,62.3,0.45,-42,0.17
65.3,15,0.16,20.7,72,0.40,3.36,65.3,0.55,-31,0.17
65.2,9,0.16,21.7,78,0.35,3.39,65.2,0.43,-45,0.17
66.2,9,0.15,20.7,88,0.50,3.63,66.2,0.50,-30,0.17
63.8,8,0.16,21.3,74,0.29,3.25,63.8,0.44,-46,0.17
65.2,11,0.16,21.7,80,0.31,3.43,65.2,0.50,-44,0.17
68.2,7,0.15,22.1,91,0.42,3.95,68.2,0.49,-42,0.17
71.8,21,0.16,22.6,79,0.40,4.05,71.8,0.43,-28,0.17
64.8,27,0.17,19.9,70,0.34,3.11,64.8,0.48,-22,0.17
66.3,15,0.16,20.9,80,0.33,3.46,66.3,0.49,-42,0.17
68.5,20,0.16,20.9,74,0.38,3.73,68.5,0.54,-35,0.17
69.7,16,0.16,21.5,85,0.43,3.82,69.7,0.51,-31,0.17
66.6,24,0.16,20.2,73,0.30,3.45,66.6,0.49,-29,0.17
66.1,10,0.15,21.3,80,0.43,3.62,66.1,0.53,-40,0.17
62.7,11,0.16,20.8,70,0.25,3.06,62.7,0.43,-49,0.17
65.9,21,0.17,20.7,68,0.34,3.22,65.9,0.52,-36,0.17
68.3,20,0.17,20.8,80,0.42,3.58,68.3,0.47,-33,0.17
64.9,16,0.17,20.9,79,0.45,3.13,64.9,0.48,-37,0.17
65,-11,0.16,21.3,73,0.57,3.3,65,0.41,-13,0.17
58.8,-27,0.13,22.5,81,0.68,3.27,58.8,0.47,-4,0.17
65.7,-9,0.16,21.7,66,0.45,3.28,65.7,0.40,-8,0.17
56.8,-16,0.14,20.4,75,0.58,2.84,56.8,0.46,-9,0.238
59.2,-6,0.14,19.3,73,0.56,3,59.2,0.52,-42,0.238
67.7,13,0.15,20.8,87,0.40,3.72,67.7,0.47,-43,0.238
64.5,-7,0.15,20.7,74,0.43,3.47,64.5,0.44,-19,0.238
69.1,2,0.15,20.2,87,0.46,3.92,69.1,0.45,-31,0.238
61.1,-8,0.14,20.2,80,0.59,3.33,61.1,0.51,-38,0.238
54.7,-29,0.12,21.2,69,0.71,2.97,54.7,0.54,-18,0.238
63.4,2,0.16,20.3,72,0.45,3.14,63.4,0.43,-36,0.238
70,3,0.16,21.3,86,0.57,3.68,70,0.42,-35,0.238
70,1,0.16,21.3,86,0.49,3.82,70,0.46,-29,0.238
71.1,2,0.16,21.4,93,0.61,3.99,71.1,0.44,-37,0.238
70.3,9,0.16,20.8,86,0.46,3.76,70.3,0.43,-31,0.238
66.1,2,0.15,20.9,80,0.36,3.55,66.1,0.45,-28,0.238
60.9,-4,0.15,20.7,70,0.37,3.01,60.9,0.50,-29,0.238
59.9,-5,0.15,19.7,79,0.59,2.98,59.9,0.49,-27,0.238
62.1,9,0.16,20.1,80,0.51,2.94,62.1,0.47,-16,0.238
59.4,-16,0.14,21.8,81,0.62,3.19,59.4,0.49,-26,0.238
65.9,-2,0.15,21.3,78,0.49,3.57,65.9,0.44,-35,0.238
63.7,7,0.15,21,76,0.25,3.25,63.7,0.47,-32,0.238
67.1,8,0.17,20.9,74,0.39,3.3,67.1,0.41,-29,0.238
67.1,3,0.16,21.5,80,0.54,3.38,67.1,0.43,-40,0.238
70,9,0.16,21.4,85,0.54,3.73,70,0.41,-36,0.238
66.4,-5,0.15,21.8,80,0.49,3.62,66.4,0.45,-37,0.238
65.3,8,0.17,20.7,80,0.44,3.05,65.3,0.48,-21,0.238
62.2,-20,0.13,22.2,85,0.59,3.61,62.2,0.49,-28,0.238
65.7,2,0.15,21.7,82,0.41,3.59,65.7,0.48,-29,0.238
66.1,3,0.16,21.1,81,0.44,3.41,66.1,0.47,-30,0.238
70,9,0.15,19,92,0.45,3.97,70,0.46,-23,0.238
61.5,-15,0.14,20.5,81,0.58,3.33,61.5,0.48,-28,0.238
66.2,6,0.17,20.4,80,0.41,3.26,66.2,0.45,-28,0.238
66.1,-3,0.15,21.8,80,0.45,3.55,66.1,0.48,-42,0.238
64.9,2,0.16,21.3,77,0.45,3.17,64.9,0.48,-41,0.238
65.1,8,0.17,21.2,79,0.39,3.07,65.1,0.46,-27,0.238
62.7,10,0.16,20.7,79,0.46,3.07,63.7,0.46,-26,0.238
68.8,9,0.17,21.6,89,0.53,3.52,68.8,0.46,-29,0.238
64.8,-8,0.15,20.7,77,0.49,3.36,64.8,0.45,-33,0.238
69.8,6,0.16,22,86,0.34,3.84,69.8,0.45,-29,0.238
64.2,5,0.16,20.1,80,0.43,3.21,64.2,0.48,-22,0.238
70.6,3,0.16,21.8,88,0.48,3.84,70.6,0.46,-38,0.238
67.1,8,0.16,21.7,84,0.40,3.43,67.1,0.47,-28,0.238
66.7,10,0.17,20.1,78,0.39,3.3,66.7,0.43,-19,0.238
61.7,-12,0.14,21.5,81,0.54,3.45,61.7,0.49,-23,0.238
68.8,4,0.17,20.6,77,0.47,3.47,68.8,0.41,-25,0.238
64.9,11,0.16,20.7,76,0.26,3.28,64.9,0.45,-29,0.238
66.3,7,0.16,21.8,81,0.34,3.35,66.3,0.45,-32,0.238
65.1,-4,0.15,21,82,0.52,3.53,65.1,0.49,-30,0.238
69.9,7,0.16,21.8,94,0.58,3.82,69.9,0.44,-30,0.238
63.4,2,0.16,20.3,72,0.45,3.14,63.4,0.43,-36,0.238
70,3,0.16,21.3,86,0.57,3.68,70,0.42,-35,0.238
70,1,0.16,21.3,86,0.49,3.82,70,0.46,-29,0.238
73.9,12,0.13,25.1,92,0.44,5.36,73.9,0.49,-23,0.675
79.2,11,0.13,25.5,96,0.55,6.06,79.2,0.46,-28,0.675
72.3,0,0.12,25.1,89,0.52,5.46,72.3,0.49,-34,0.675
74.8,12,0.13,24.9,90,0.50,5.4,74.8,0.44,-16,0.675
71.9,0,0.12,24.8,87,0.47,5.4,71.9,0.48,-38,0.675
79.5,5,0.12,26.9,94,0.54,6.95,79.5,0.47,-29,0.675
72.4,-4,0.12,24.2,86,0.47,5.47,72.4,0.48,-38,0.675
76.4,-1,0.11,24.4,84,0.49,6.65,76.8,0.44,-40,0.675
70.7,8,0.12,22.9,93,0.47,5.13,70.7,0.48,-19,0.675
74.4,8,0.13,25,91,0.41,5.51,74.4,0.49,-19,0.675
86.6,2,0.14,27.2,92,0.55,6.92,86.6,0.43,-16,0.675
76.3,2,0.12,24.5,86,0.48,5.99,76.3,0.44,-45,0.675
72.3,-2,0.12,22.8,90,0.54,5.55,72.3,0.48,-36,0.675
72.9,-1,0.12,23.3,89,0.53,5.55,72.9,0.48,-34,0.675
80.8,8,0.13,24.9,98,0.57,6.61,80.8,0.46,-34,0.675
78.2,6,0.11,26.8,93,0.50,6.84,78.2,0.47,-25,0.675
66.1,5,0.12,23.7,90,0.47,4.8,66.1,0.50,-28,0.675
72.5,1,0.11,26.4,88,0.57,5.87,72.5,0.52,-28,0.675
73.8,8,0.12,24.9,90,0.41,5.78,74.6,0.47,-37,0.675
72.5,14,0.13,25.2,93,0.47,5.23,72.5,0.49,-35,0.675
73.4,12,0.13,25.7,91,0.41,5.46,73.4,0.50,-24,0.675
73.1,-8,0.12,24.9,88,0.54,5.68,73.1,0.45,-40,0.675
72.7,-10,0.11,24.3,89,0.56,6.02,72.7,0.46,-37,0.675
80.4,-2,0.12,26.1,89,0.55,6.98,80.4,0.45,-33,0.675
81,1,0.12,26.6,90,0.52,6.98,81,0.46,-36,0.675
77.8,8,0.13,26.2,96,0.54,6.13,77.8,0.47,-22,0.675
74.3,-6,0.12,24.8,90,0.56,5.86,74.3,0.45,-40,0.675
80,1,0.11,26.9,90,0.52,7.16,80,0.47,-40,0.675
78.5,2,0.12,24.8,90,0.51,6.34,78.5,0.47,-41,0.675
76.8,2,0.12,24.4,90,0.54,6.07,76.8,0.46,-37,0.675
74.1,6,0.12,24.6,87,0.50,5.92,74.1,0.46,-42,0.675
71.6,4,0.12,24.3,90,0.47,5.44,71.6,0.48,-36,0.675
67.9,-6,0.12,23.9,83,0.41,4.74,67.9,0.48,-38,0.675
74.1,12,0.13,23.4,94,0.51,5.22,74.1,0.46,-35,0.675
74.1,3,0.12,24.5,91,0.51,6.04,74.1,0.48,-40,0.675
72.8,5,0.12,24,92,0.47,5.45,72.8,0.46,-32,0.675
71.2,-4,0.12,24.3,86,0.48,5.47,71.2,0.48,-45,0.675
76.9,15,0.13,23.6,96,0.54,5.71,76.9,0.48,-19,0.675
75,-1,0.12,23.9,88,0.50,5.97,75,0.47,-40,0.675
74.7,1,0.12,24,91,0.55,5.93,74.7,0.46,-40,0.675
78.5,7,0.12,26.5,97,0.56,6.44,78.5,0.46,-36,0.675
74,19,0.14,22.3,87,0.45,4.91,74,0.48,-14,0.675
74.9,4,0.12,24.6,92,0.51,5.76,74.9,0.45,-50,0.675
72.5,7,0.13,23.6,94,0.50,5.23,72.5,0.50,-36,0.675
75.2,13,0.12,23.9,92,0.46,5.81,75.2,0.49,-31,0.675
72.2,12,0.13,22.7,91,0.49,5.11,72.2,0.51,-26,0.675
73.2,7,0.13,24.3,94,0.50,5.42,73.2,0.47,-40,0.675
72.5,14,0.13,23.3,92,0.46,5,72.5,0.50,-24,0.675
75.1,3,0.12,24.2,96,0.63,5.99,75.1,0.45,-48,0.675
75.5,17,0.13,22.9,94,0.56,5.59,75.5,0.46,-32,0.675
70.3,19,0.15,22.7,80,0.44,4.2,70.3,0.42,-38,0.37
73.4,13,0.14,22.6,89,0.48,4.9,73.4,0.44,-41,0.37
65.4,19,0.14,20.3,76,0.13,3.9,66.9,0.47,-19,0.37
65.3,12,0.15,20.1,79,0.21,3.67,65.9,0.45,-17,0.37
70.4,16,0.16,20.2,85,0.30,4.06,70.4,0.45,-17,0.37
67.3,14,0.15,21.7,95,0.54,3.96,67.3,0.49,-38,0.37
65.2,10,0.15,21.9,92,0.58,3.52,65.2,0.48,-27,0.37
64.2,13,0.16,22.2,88,0.56,3.29,64.2,0.47,-30,0.37
61.6,14,0.15,23.5,84,0.60,3.31,61.6,0.54,-43,0.37
68.5,14,0.15,23.1,90,0.50,3.99,68.5,0.44,-25,0.37
66.3,17,0.16,20.8,74,0.43,3.46,66.3,0.41,-18,0.37
71.6,13,0.14,22.9,92,0.45,4.61,71.6,0.46,-39,0.37
67.6,13,0.16,21.2,90,0.48,3.73,67.6,0.45,-20,0.37
67.8,15,0.15,22.4,92,0.53,4.01,67.8,0.44,-35,0.37
66.9,10,0.15,21.4,91,0.48,3.86,66.9,0.45,-32,0.37
64.9,14,0.16,22.3,83,0.37,3.44,64.9,0.45,-34,0.37
70.8,14,0.15,21.9,90,0.40,4.37,70.8,0.45,-22,0.37
73.4,11,0.16,21.5,84,0.42,4.4,73.4,0.41,-19,0.37
72.5,13,0.15,23,92,0.67,4.58,72.5,0.41,-43,0.37
73.1,9,0.13,21.9,100,0.63,5.09,73.1,0.49,-32,0.37
65,10,0.15,22.3,89,0.54,3.59,65,0.44,-36,0.37
67.4,13,0.15,22.6,85,0.47,3.86,67.4,0.42,-47,0.37
61.3,-4,0.14,22.6,86,0.63,3.42,61.3,0.46,-47,0.37
67.1,11,0.14,22.4,98,0.58,4.16,67.1,0.49,-39,0.37
66.4,10,0.15,23.5,95,0.66,3.65,66.4,0.46,-34,0.37
67,13,0.15,22.6,87,0.38,3.76,67,0.48,-37,0.37
69.1,11,0.15,22.8,98,0.59,3.96,69.1,0.45,-16,0.37
68.8,10,0.15,20.9,86,0.47,4.13,68.8,0.41,-29,0.37
60.4,8,0.15,23,85,0.68,3.02,60.4,0.51,-44,0.37
64.6,8,0.15,24.4,95,0.67,3.6,64.6,0.46,-58,0.37
66.5,13,0.14,24,97,0.58,3.97,66.5,0.45,-41,0.37
64.6,7,0.16,20.3,83,0.43,3.32,64.6,0.46,-12,0.37
66,7,0.15,22.4,96,0.63,3.71,66,0.48,-32,0.37
68.6,14,0.15,22.6,99,0.65,3.95,68.6,0.48,-38,0.37
63.9,15,0.15,23.2,92,0.81,3.47,63.9,0.46,-51,0.37
66.1,17,0.15,23.4,85,0.44,3.67,66.1,0.45,-33,0.37
68.7,14,0.16,22.7,87,0.58,3.85,68.7,0.40,-19,0.37
68.1,12,0.15,21.5,94,0.64,3.89,68.1,0.44,-30,0.37
72.1,14,0.15,20.7,82,0.47,4.3,72.1,0.38,-22,0.37
72.5,12,0.15,20.7,78,0.33,4.52,72.5,0.38,-20,0.37
69.9,-2,0.13,21.8,85,0.52,4.8,69.9,0.44,-39,0.37
73.9,12,0.13,21.9,85,0.49,5.19,73.9,0.40,-43,0.37
72.2,13,0.14,20.3,86,0.46,4.67,72.2,0.42,-31,0.37
65.5,8,0.15,20.1,83,0.35,3.74,65.5,0.44,-26,0.37
65.1,5,0.15,20.8,82,0.31,3.55,65.1,0.47,-26,0.37
71.8,11,0.15,21.9,91,0.41,4.38,71.8,0.46,-25,0.37
64.6,11,0.15,21.8,86,0.49,3.45,64.6,0.46,-24,0.37
70.4,14,0.14,23.4,98,0.59,4.57,70.4,0.49,-44,0.37
67.9,13,0.14,23.1,100,0.62,4.14,67.9,0.49,-38,0.37
65.3,7,0.15,23.3,95,0.63,3.62,65.3,0.46,-38,0.37
70.3,8,0.16,22.8,86,0.57,3.84,70.3,0.39,-28,0.099
69.9,11,0.15,22.3,93,0.55,4.04,69.9,0.44,-24,0.099
68.5,12,0.17,22.6,76,0.41,3.56,68.5,0.39,-32,0.099
68.5,6,0.16,22.4,79,0.43,3.74,68.5,0.40,-31,0.099
68.5,7,0.16,21.7,81,0.47,3.74,68.5,0.40,-30,0.099
67.1,9,0.16,22,77,0.45,3.54,67.1,0.39,-26,0.099
78.2,10,0.15,22.7,86,0.57,5.13,78.2,0.36,-27,0.099
74.6,-1,0.14,23.3,79,0.50,5,74.6,0.41,-33,0.099
77.9,8,0.14,23,90,0.63,5.37,77.9,0.39,-27,0.099
74.1,-1,0.14,23.2,83,0.63,4.86,74.6,0.40,-40,0.099
69.8,6,0.16,21.4,84,0.51,3.88,69.8,0.40,-34,0.099
71.8,15,0.16,22,89,0.61,4.11,72,0.38,-26,0.099
69.9,7,0.15,22.8,82,0.54,4.04,72.8,0.37,-41,0.099
70.1,8,0.17,22.3,79,0.48,3.77,70.1,0.37,-40,0.099
70.7,3,0.15,22.4,87,0.52,4.31,70.7,0.43,-38,0.099
71.2,17,0.17,22.2,75,0.48,3.76,71.2,0.35,-25,0.099
73.5,9,0.15,22.5,88,0.54,4.52,73.5,0.41,-24,0.099
59,-1,0.14,21.7,66,0.51,3.17,59,0.40,-29,0.099
66.1,26,0.16,19.9,73,0.41,3.57,66.1,0.43,-21,0.099
70.3,5,0.14,21.5,87,0.59,4.57,70.8,0.40,-27,0.099
70.3,9,0.15,22.2,95,0.55,4.14,70.3,0.45,-33,0.099
67.4,9,0.15,21.3,89,0.59,3.86,67.4,0.40,-18,0.099
71.5,3,0.15,22.2,83,0.52,4.4,71.5,0.40,-30,0.099
74.1,4,0.16,22.9,80,0.43,4.49,74.1,0.39,-35,0.099
71.8,6,0.15,22.1,81,0.52,4.33,72.9,0.36,-32,0.099
70.3,12,0.16,21.3,85,0.55,3.94,70.3,0.38,-27,0.099
75.3,7,0.15,22.7,85,0.53,4.69,75.3,0.38,-32,0.099
74.2,12,0.16,22.4,89,0.58,4.44,74.2,0.40,-24,0.099
74.4,9,0.15,22.5,86,0.55,4.58,74.4,0.38,-30,0.099
70.9,7,0.15,22.5,95,0.53,4.33,70.9,0.46,-24,0.099
73.8,16,0.17,22.9,78,0.41,3.99,73.8,0.38,-18,0.099
76.7,12,0.16,22.9,80,0.43,4.57,76.7,0.36,-23,0.099
72.3,9,0.16,22.8,80,0.42,4.11,72.3,0.36,-31,0.099
72.6,11,0.16,22.2,94,0.51,4.26,72.6,0.45,-24,0.099
71.1,6,0.16,23,83,0.47,4.03,71.2,0.40,-28,0.099
72.8,9,0.16,23.4,83,0.44,4.17,72.8,0.39,-35,0.099
72.7,10,0.17,23.3,82,0.44,4.06,72.7,0.39,-26,0.099
68.4,8,0.16,22.9,81,0.40,3.73,68.4,0.42,-36,0.099
66.7,12,0.17,22.7,72,0.38,3.34,66.7,0.39,-33,0.099
64.2,5,0.16,21.7,77,0.47,3.37,64.2,0.42,-36,0.099
71.6,6,0.16,22.7,84,0.55,4.13,73.4,0.38,-34,0.099
73.1,10,0.16,22.3,85,0.50,4.37,73.1,0.40,-32,0.099
76.5,7,0.16,23.2,85,0.53,4.61,76.5,0.39,-28,0.099
77.3,11,0.16,23.2,83,0.51,4.65,77.3,0.37,-26,0.099
71.8,7,0.17,22.1,85,0.49,3.95,71.8,0.41,-41,0.099
67.2,11,0.15,22.7,85,0.45,3.74,67.2,0.43,-24,0.099
70.2,6,0.16,22,85,0.52,3.97,70.2,0.40,-33,0.099
72.8,8,0.16,23.3,84,0.48,4.33,72.8,0.40,-28,0.099
71.5,13,0.17,23,83,0.46,3.92,71.5,0.40,-28,0.099
71.3,13,0.15,22.2,86,0.48,4.27,71.5,0.41,-26,0.099
67.4,20,0.14,21,86,0.46,4.08,67.4,0.49,-20,0.312
68.5,19,0.14,21.5,89,0.50,4.27,68.5,0.49,-39,0.312
61.4,16,0.14,19.9,83,0.49,3.33,61.4,0.48,-36,0.312
60.2,10,0.13,20.2,93,0.60,3.5,60.2,0.48,-37,0.312
64.6,16,0.13,19.5,89,0.53,3.97,64.6,0.51,-29,0.312
67,18,0.14,19.9,88,0.46,4.15,67,0.48,-25,0.312
63.7,14,0.13,20.1,89,0.48,3.98,63.7,0.51,-37,0.312
65.7,13,0.13,20.9,100,0.72,4.11,65.7,0.46,-49,0.312
64,13,0.14,21,98,0.63,3.84,64,0.49,-35,0.312
61.7,12,0.14,19.9,93,0.59,3.46,61.7,0.48,-29,0.312
63.7,11,0.14,20.7,87,0.43,3.64,63.7,0.47,-37,0.312
64.9,17,0.14,19.8,94,0.71,3.78,64.9,0.48,-34,0.312
61.9,11,0.14,19.6,94,0.61,3.54,61.9,0.46,-42,0.312
62.6,16,0.14,19.4,91,0.69,3.52,62.6,0.47,-35,0.312
62.5,9,0.14,19.8,94,0.75,3.55,62.5,0.47,-32,0.312
61.1,10,0.14,20.7,89,0.54,3.5,61.1,0.49,-33,0.312
62.5,12,0.14,19.7,90,0.64,3.51,62.5,0.51,-21,0.312
60.4,6,0.12,20.9,93,0.60,3.74,60.4,0.51,-37,0.312
64.5,13,0.13,20.4,93,0.49,4.02,64.5,0.48,-42,0.312
61.3,12,0.13,20.4,95,0.61,3.63,61.3,0.50,-38,0.312
60.4,8,0.13,20.4,94,0.64,3.52,60.4,0.49,-50,0.312
58.3,14,0.15,18.5,85,0.71,2.89,58.3,0.47,-29,0.312
59.7,13,0.15,18.6,89,0.72,3.11,59.7,0.49,-22,0.312
62.8,17,0.14,20,87,0.52,3.59,62.8,0.50,-42,0.312
63.1,16,0.13,20.4,92,0.54,3.84,63.1,0.49,-40,0.312
64.9,18,0.14,20.2,88,0.56,3.83,64.9,0.51,-30,0.312
63.6,9,0.14,21.1,92,0.53,3.74,63.6,0.48,-33,0.312
69,19,0.13,21.3,90,0.51,4.74,69,0.49,-42,0.312
67.5,20,0.13,20.5,89,0.53,4.4,67.5,0.50,-33,0.312
65.7,18,0.13,20.5,87,0.52,4.29,65.7,0.51,-41,0.312
63.8,20,0.14,18.4,89,0.57,3.76,63.8,0.48,-15,0.312
63.4,19,0.14,18.9,82,0.41,3.71,63.4,0.49,-34,0.312
69.9,23,0.13,20.5,85,0.46,4.65,69.9,0.49,-31,0.312
64.9,17,0.14,20.1,85,0.39,3.83,64.9,0.46,-40,0.312
61.2,12,0.14,19.7,87,0.53,3.31,61.2,0.47,-49,0.312
64.5,10,0.14,20,97,0.58,3.89,64.5,0.47,-48,0.312
63.3,14,0.14,19.6,95,0.67,3.65,63.3,0.48,-40,0.312
63.1,15,0.13,19.3,89,0.51,3.97,63.1,0.51,-28,0.312
66.4,16,0.13,20.4,88,0.48,4.33,66.4,0.51,-35,0.312
63,8,0.14,20.9,96,0.63,3.73,63,0.48,-33,0.312
66.9,11,0.14,20.8,96,0.71,4.08,66.9,0.44,-40,0.312
61.9,16,0.14,19,90,0.79,3.45,61.9,0.48,-32,0.312
61.7,16,0.15,18.6,88,0.76,3.23,61.7,0.47,-30,0.312
60.7,8,0.14,19.4,92,0.76,3.4,60.7,0.49,-38,0.312
64.1,8,0.15,21.1,90,0.57,3.59,64.1,0.44,-42,0.312
63.6,15,0.14,20.4,94,0.60,3.69,63.6,0.50,-25,0.312
62.4,14,0.14,20.7,90,0.51,3.65,62.4,0.49,-31,0.312
66.9,19,0.14,21.5,92,0.58,4.07,66.9,0.51,-23,0.312
66,20,0.13,19.5,89,0.53,4.28,66,0.47,-26,0.312
70.4,17,0.12,21.4,91,0.51,5.09,70.4,0.47,-41,0.312
75.1,9,0.14,24.3,89,0.61,4.96,75.1,0.38,-20,0.211
71.6,12,0.15,24.9,91,0.76,4.22,71.6,0.40,-38,0.211
72.6,11,0.15,24.9,96,0.67,4.45,72.6,0.44,-33,0.211
73.9,6,0.14,25,96,0.70,4.81,73.9,0.43,-32,0.211
72.3,16,0.15,23.4,79,0.42,4.3,72.3,0.38,-7,0.211
76.6,7,0.14,24.5,84,0.50,5.24,76.6,0.39,-17,0.211
75.7,12,0.14,23.9,89,0.63,5.19,75.7,0.37,-21,0.211
77.3,15,0.14,25.4,88,0.88,5.18,77.3,0.38,-30,0.211
71.5,13,0.15,25.7,91,0.54,4.26,71.5,0.42,-26,0.211
77,10,0.15,26.9,91,0.67,4.94,77,0.40,-19,0.211
72.3,12,0.15,23.4,81,0.47,4.29,72.3,0.36,-23,0.211
77.6,11,0.14,24.2,89,0.79,5.23,77.6,0.37,-23,0.211
69.9,9,0.14,24.7,93,0.79,4.19,69.9,0.41,-19,0.211
71.5,6,0.14,24.9,88,0.58,4.37,71.5,0.38,-15,0.211
74.5,12,0.14,23.9,87,0.74,4.75,74.9,0.35,-31,0.211
70.9,14,0.14,24.4,89,0.83,4.36,70.9,0.38,-24,0.211
74.1,8,0.14,23.9,94,0.78,4.83,74.1,0.43,-28,0.211
75.5,12,0.14,24.9,94,0.83,4.94,75.5,0.42,-26,0.211
71.9,7,0.14,24.4,90,0.62,4.48,72.2,0.40,-17,0.211
75.5,7,0.14,24.6,88,0.78,4.87,75.5,0.35,-32,0.211
73.3,10,0.14,24.3,90,0.63,4.66,73.3,0.38,-14,0.211
75.7,7,0.14,24.1,87,0.73,5.11,75.7,0.34,-29,0.211
73.6,10,0.15,24.3,88,0.93,4.57,73.6,0.36,-36,0.211
70.6,11,0.14,24.6,95,0.77,4.33,71.2,0.43,-21,0.211
75.1,13,0.14,25.5,89,0.59,4.82,75.1,0.39,-12,0.211
75.1,9,0.15,24.6,82,0.47,4.57,75.1,0.38,-10,0.211
74,14,0.14,22.9,90,0.77,4.89,74,0.39,-18,0.211
71.3,9,0.15,23.3,87,0.79,4.23,71.3,0.33,-41,0.211
75.9,12,0.14,24.6,92,0.82,4.94,75.9,0.41,-23,0.211
71.3,14,0.14,24.5,94,0.74,4.54,71.3,0.42,-28,0.211
71.8,7,0.14,23.7,85,0.83,4.47,73.3,0.35,-31,0.211
72.4,16,0.15,24.7,93,0.67,4.36,72.4,0.43,-15,0.211
61.6,10,0.15,19.9,83,0.66,3.12,61.6,0.42,-5,0.211
74.3,13,0.15,23.5,81,0.45,4.66,74.3,0.37,-24,0.211
73.6,5,0.14,24.6,83,0.49,4.7,73.6,0.39,-33,0.211
74.6,13,0.14,24.8,90,0.88,5.04,74.6,0.39,-30,0.211
69.6,12,0.14,24.1,100,0.79,4.27,69.6,0.45,-21,0.211
73.4,14,0.14,25.8,96,0.79,4.74,73.8,0.44,-18,0.211
74.7,10,0.14,24.7,94,0.77,4.84,74.7,0.42,-27,0.211
72.6,5,0.13,24.4,88,0.51,5.07,72.6,0.42,-29,0.211
73.9,10,0.14,26.6,87,0.76,4.88,75.4,0.37,-25,0.211
77.6,15,0.14,23.4,89,0.61,5.37,77.6,0.39,-22,0.211
75,11,0.14,24.1,89,0.77,4.82,75,0.37,-28,0.211
77.5,15,0.14,25.5,90,0.72,5.37,77.5,0.40,-28,0.211
71.5,13,0.14,24.6,93,0.79,4.37,71.9,0.42,-27,0.211
67.9,12,0.14,24.1,96,0.66,4.18,67.9,0.44,-21,0.211
75.5,12,0.14,24.7,94,0.59,5.16,75.5,0.43,-24,0.211
73.2,14,0.13,23.4,92,0.74,4.93,73.2,0.41,-17,0.211
75.9,12,0.14,24.2,88,0.79,5.14,75.9,0.35,-35,0.211
65.4,3,0.12,24.8,97,0.73,4.54,65.4,0.48,-21,0.211
78.6,5,0.15,27,86,0.57,5.18,78.6,0.37,-47,0.368
79.5,15,0.15,28.8,90,0.56,5.37,79.5,0.42,-44,0.368
78.9,8,0.15,28.6,94,0.60,5.44,78.9,0.42,-47,0.368
86.6,11,0.15,33.4,89,0.57,6.55,86.6,0.40,-39,0.368
85.5,18,0.17,30.5,83,0.66,5.55,85.5,0.32,-34,0.368
82.3,2,0.14,27.8,81,0.55,6.26,82.3,0.36,-50,0.368
85.4,6,0.14,33.5,89,0.70,6.65,85.4,0.37,-41,0.368
83.2,18,0.17,28.6,81,0.57,5.31,83.2,0.33,-36,0.368
81.1,5,0.15,27.8,80,0.48,5.51,81.1,0.34,-48,0.368
81.4,11,0.16,28.3,81,0.42,5.21,81.4,0.39,-39,0.368
76.4,8,0.15,26.8,86,0.52,4.96,76.4,0.40,-39,0.368
82.8,9,0.15,29,88,0.58,5.91,82.8,0.37,-46,0.368
75.8,9,0.15,25.3,93,0.62,4.95,75.8,0.42,-46,0.368
85.5,15,0.15,30.3,84,0.54,6.21,85.5,0.37,-37,0.368
83.3,18,0.14,28.4,85,0.67,6.14,83.3,0.38,-50,0.368
86.4,18,0.16,30.8,85,0.56,6.02,86.4,0.40,-43,0.368
85.3,18,0.15,30.2,82,0.53,6.1,85.3,0.38,-43,0.368
85.9,10,0.15,30.5,78,0.42,6.36,86.8,0.34,-47,0.368
80.1,7,0.15,27.7,82,0.50,5.52,80.1,0.36,-42,0.368
82.9,11,0.15,29.8,81,0.44,5.84,82.9,0.38,-38,0.368
73.6,9,0.15,26.2,87,0.52,4.72,73.6,0.40,-44,0.368
79.6,3,0.15,27.7,86,0.65,5.38,79.6,0.37,-48,0.368
70.9,2,0.14,26.3,92,0.73,4.58,70.9,0.44,-39,0.368
73.3,11,0.14,25.8,92,0.54,4.76,73.3,0.43,-43,0.368
76.7,6,0.15,27,89,0.55,5.13,76.7,0.41,-40,0.368
75,0,0.14,26.2,77,0.49,5.05,75,0.39,-35,0.368
74.3,15,0.15,27.2,84,0.42,4.69,74.3,0.42,-36,0.368
73.5,9,0.15,26.7,83,0.46,4.66,73.9,0.39,-38,0.368
77,3,0.14,28,85,0.49,5.32,77,0.43,-41,0.368
81.3,13,0.15,25.3,90,0.61,5.47,81.3,0.39,-36,0.368
79.4,4,0.15,27.2,85,0.66,5.21,79.4,0.34,-46,0.368
68.9,5,0.16,23.8,87,0.75,3.69,68.9,0.41,-51,0.368
75.3,7,0.16,25,88,0.58,4.4,75.3,0.36,-49,0.368
75.5,6,0.16,24.7,80,0.42,4.49,75.5,0.36,-44,0.368
79.7,9,0.15,28.2,84,0.51,5.47,79.7,0.39,-37,0.368
78.6,12,0.16,26.8,83,0.48,4.93,78.6,0.39,-32,0.368
79.6,9,0.15,27.7,82,0.47,5.31,79.6,0.38,-39,0.368
73.8,2,0.14,30,90,0.59,5.1,73.8,0.43,-29,0.368
73.9,3,0.14,26.3,80,0.50,4.84,74.2,0.39,-42,0.368
83.6,-2,0.13,28,87,0.78,6.64,83.6,0.42,-50,0.368
79.5,13,0.15,27.7,87,0.51,5.3,79.5,0.41,-45,0.368
66.9,2,0.15,23,93,0.68,3.8,66.9,0.46,-46,0.368
76.3,7,0.15,28.1,96,0.61,4.95,76.3,0.44,-42,0.368
76.6,4,0.15,25.4,92,0.61,4.99,76.6,0.42,-42,0.368
73.4,13,0.15,24.7,85,0.51,4.57,73.4,0.40,-41,0.368
73.5,14,0.16,23.3,84,0.48,4.3,73.5,0.40,-33,0.368
75.6,13,0.14,27.4,84,0.50,5.06,75.7,0.39,-37,0.368
71,8,0.16,23.6,88,0.58,4.12,71,0.37,-46,0.368
76.4,4,0.14,26,88,0.62,5.48,76.4,0.40,-47,0.368
75.1,9,0.14,26.9,91,0.60,5.13,75.1,0.40,-29,0.368
78.3,0,0.13,26,86,0.76,5.92,78.3,0.41,-32,0.384
80.2,-2,0.13,28.9,84,0.70,6.21,80.2,0.40,-32,0.384
76,-4,0.13,28.4,87,0.72,5.75,76,0.42,-28,0.384
79.8,1,0.13,27.9,87,0.73,6.15,79.8,0.41,-27,0.384
75.3,3,0.14,28,91,0.64,5.32,75.3,0.42,-29,0.384
75.5,-8,0.13,30.1,86,0.72,5.68,75.5,0.42,-29,0.384
77.2,-5,0.13,31.5,85,0.64,5.76,77.2,0.41,-24,0.384
83.8,5,0.14,30,87,0.55,6.31,83.8,0.40,-30,0.384
79.5,1,0.14,29.1,93,0.59,5.93,79.5,0.45,-28,0.384
87,2,0.14,32.3,87,0.63,7.09,87,0.40,-40,0.384
83.9,4,0.13,30.4,91,0.65,6.79,83.9,0.42,-36,0.384
77.4,5,0.14,28.3,98,0.64,5.37,77.4,0.45,-29,0.384
79,-1,0.13,28.8,86,0.76,5.93,79,0.41,-33,0.384
86,0,0.14,32.4,83,0.65,6.73,86,0.38,-22,0.384
80.1,-5,0.13,28.2,89,0.71,6.2,80.1,0.44,-37,0.384
79.3,1,0.13,29.7,90,0.67,5.98,79.3,0.43,-25,0.384
78.5,-2,0.13,27.1,85,0.80,5.86,78.5,0.41,-28,0.384
83.1,2,0.14,29.7,86,0.72,6.38,83.1,0.39,-31,0.384
82.2,5,0.14,29.2,89,0.66,6.33,82.2,0.40,-32,0.384
75.5,-8,0.13,30.2,89,0.75,5.76,75.5,0.44,-38,0.384
72.9,5,0.14,25.1,90,0.52,4.77,72.9,0.44,-29,0.384
72.4,-8,0.13,25.9,92,0.63,5.13,72.4,0.46,-43,0.384
79.2,-1,0.13,28.8,89,0.66,5.96,79.2,0.43,-36,0.384
76.9,3,0.14,27.7,94,0.61,5.39,76.9,0.44,-37,0.384
82.3,-9,0.12,29.8,86,0.77,6.96,82.3,0.42,-37,0.384
80.1,-1,0.13,28.1,87,0.71,6.19,80.1,0.42,-24,0.384
81.3,4,0.13,29.9,90,0.89,6.39,81.3,0.41,-37,0.384
80.4,-4,0.13,29.7,88,0.77,6.24,80.4,0.43,-38,0.384
84.2,-1,0.13,30.1,87,0.76,7.06,84.2,0.42,-35,0.384
73.8,3,0.15,28.3,87,0.58,4.57,73.8,0.41,-37,0.384
77.9,5,0.14,27.8,94,0.71,5.53,77.9,0.43,-29,0.384
74.4,-8,0.13,27.8,92,0.73,5.42,74.4,0.46,-43,0.384
77.8,-11,0.13,27.5,85,0.72,5.93,77.8,0.42,-41,0.384
79.2,2,0.13,27.6,90,0.64,5.97,79.2,0.43,-40,0.384
80.3,5,0.14,26.7,92,0.71,6.05,80.3,0.42,-44,0.384
74,0,0.14,27.9,94,0.64,5.13,74,0.48,-41,0.384
73.4,-1,0.14,27.8,93,0.64,5.04,73.4,0.47,-34,0.384
76.2,1,0.14,27.6,95,0.65,5.29,76.2,0.46,-28,0.384
75.1,3,0.15,26.1,86,0.64,4.73,75.1,0.38,-34,0.384
76,1,0.15,27.6,91,0.64,4.91,76,0.43,-39,0.384
80.5,14,0.15,26.9,88,0.48,5.51,80.5,0.43,-28,0.384
82.2,-3,0.13,29,86,0.69,6.52,82.2,0.41,-43,0.384
80.7,2,0.14,28.7,91,0.71,6.02,80.7,0.43,-36,0.384
83.1,1,0.14,29.4,89,0.71,6.47,83.1,0.42,-38,0.384
74.2,3,0.14,25.8,95,0.59,5.08,74.2,0.46,-47,0.384
80.2,-1,0.14,27.2,88,0.60,5.78,80.2,0.42,-46,0.384
78.4,-1,0.13,29,88,0.71,5.93,78.4,0.43,-36,0.384
78.6,-2,0.13,27.3,88,0.64,5.88,78.6,0.42,-33,0.384
76.6,14,0.16,26.4,88,0.48,4.73,76.6,0.43,-34,0.384
79.2,8,0.16,27.2,86,0.55,5.06,79.2,0.38,-52,0.384
